1	P01	Brera bij gouden uur	hf_20261007_204641_1d011baf-a94a-46fd-b654-616873a5814f
2	O01	Set op de boot	hf_20261007_204641_4816b4e4-1f7c-4f0a-ad62-326a7e8f5ebe
3	A01	Varenna bij dageraad	hf_20261007_204640_3e8688ed-638f-4a24-adcc-efd87f2e08b1
4	L01	Label naast de espresso	hf_20261007_210211_2776df29-016c-4a5f-81f9-8699b73d6da1
5	P02	Op de achtersteven	hf_20261007_204642_76d2a40b-ea15-4726-bb9b-bdcab358cea7
6	O02	Op de balustrade	hf_20261007_204641_4de616a5-7a9a-439f-8edb-7a15cd0cdea8
7	A02	Twee houten boten	hf_20261007_210832_08d31927-e305-4ae7-a5c6-4e04ae7fa0f1
8	P03	Ochtend op de kerktrappen	hf_20261007_204641_246b3f16-19fe-4227-b800-7abdfb84ae9a
9	L02	Capuchon aan de haak	hf_20261007_210213_7a498d9a-7099-4afc-8886-8933785aa4be
10	P04	Lachen aan het cafétafeltje	hf_20261007_210210_88b2cadb-ac54-4e6f-bf61-507086b3c1fe
11	O03	Cafestoel met cappuccino	hf_20261007_204909_85c99ad4-a833-4bd0-a300-370bd9803166
12	A03	Kielzog op het meer	hf_20261007_204640_b5e8a037-01e9-4973-80c3-79eee60aab1d
13	P05	Moka op het fornuis	hf_20261007_204907_e6be7c1d-2eb3-412c-8bb4-71f3cf069e09
14	O04	Bed met espresso	hf_20261007_204906_ad80d525-deb4-4f2d-94e0-36c668f178be
15	A04	Villa met cipressen	hf_20261007_210833_b7c9c133-e879-40b4-8070-61c88cc0bee5
16	P06	Ontbijt op het terras	hf_20261007_204907_0b7aea1f-742e-4f92-8d40-4f7ad7d0e55f
17	L03	Gevouwen op linnen	hf_20261007_210752_56b18681-eb0a-4af1-b80b-dcac47084cfa
18	O05	Bellagio in drie kleuren	hf_20261007_204910_304eae72-8bf1-4436-a476-8d124ac39e11
19	A05	Trapje in Bellagio	hf_20261007_204641_d6392b4b-d682-4d2d-9fbc-14733a986215
20	P07	Op de steiger bij zonsopkomst	hf_20261007_204906_b3a25163-03f9-4b14-b467-583003b992ad
21	P08	Langs de bakkerij	hf_20261007_205016_1267a148-7a6e-4c87-8d70-e5f804d18977
22	O06	Flatlay op terrazzo	hf_20261007_205015_b7d99678-38e3-4568-8dfb-992362643fa7
23	A06	Pier bij zonsondergang	hf_20261007_210833_d20eab77-5a97-48f0-9d32-af671042a260
24	L04	Kraag bij het meer	hf_20261007_210211_c50ec067-4206-45e7-b960-986d3fd30c91
25	P09	Aperitivo aan de bar	hf_20261007_205014_89450866-9d0d-40f2-9a41-a7be9e7e83a4
26	O07	Blazer aan de cafestoel	hf_20261007_205014_df115538-0855-4430-a2de-3233a711382c
27	A07	Espresso aan de bar	hf_20261007_204906_cf0edb3c-a54e-4470-b3aa-24e4104e8ef7
28	P10	Lunch aan het meer	hf_20261007_205013_604e9352-1c9c-435e-8471-e2f3540d5bbb
29	L05	Op de hanger	hf_20261007_210752_34848f8b-5b84-4944-b42f-e0cefda2bf1c
30	P11	In de haven	hf_20261007_210213_98649590-149e-42ff-99a4-c66aeee446d1
31	O08	Flatlay op zwart marmer	hf_20261007_205013_0bfa5e6d-cbdd-4bde-82ef-88e519eef485
32	A08	Cappuccino en cornetto	hf_20261007_204906_d099dea0-da9d-495e-9b79-1878518fec31
33	P12	Aan de aanlegsteiger	hf_20261007_205700_600a6399-e36a-4a8e-ab5b-6a26a7c17dca
34	O09	Ligstoel bij zonsondergang	hf_20261007_205658_529862d9-64d3-484f-b337-d5a2ca1d068d
35	A09	Hendel van de espressomachine	hf_20261007_210833_55667cb5-359d-4ad3-878c-0656be5a117e
36	P13	Langs de platanen	hf_20261007_205659_e6cdb9cb-1a31-41c8-9fcf-f5362324132d
37	L06	Polo bij het ontbijt	hf_20261007_210211_2ca9e5c9-90e8-4b10-8033-2c577e8f6aa1
38	O10	Aan het luik	hf_20261007_205659_649af72e-8e2b-402b-a9ad-5f8643f77ee9
39	A10	Moka in de keuken	hf_20261007_210832_f79d90f2-5284-4b3c-8f28-15561a6346f1
40	P14	Wind op de veerboot	hf_20261007_210211_770c4ef6-ddd2-4471-81b3-43703d187303
41	P15	Station in de ochtend	hf_20261007_210211_df9868da-12f7-4881-b1f9-434eee4cce9c
42	O11	Ligbed op de steiger	hf_20261007_210653_a5d7ec9b-9e37-4640-a4da-a9def534cb97
43	A11	Leeg terras in de ochtend	hf_20261007_210833_1c01fba6-543e-432c-8d5b-5177a5b6c51f
44	L07	Blazer van binnen	hf_20261007_210753_a9535f6d-a451-43d7-aa18-c1fc3d4aaf28
45	P16	Trap in Bellagio	hf_20261007_210331_64c0d764-4018-4952-9b4d-89b289e259b3
46	O12	Fluweelstoel met meerzicht	hf_20261007_210653_40d77211-9a44-46d9-8fd4-14b6c21348f2
47	A12	Spritz op de muur	hf_20261007_205012_1e0fe456-a374-44f1-994d-255ba5a4f4e3
48	P17	Villatuin met cipressen	hf_20261007_210330_98d501c6-bac8-4c99-8fea-ceb756106ea7
49	L08	Gilet op het bootdek	hf_20261007_211132_d614df59-2ded-4ce9-b527-e370b886bd83
50	P18	Dak bij nacht	hf_20261007_210331_dade78fe-a312-44d3-8218-a7e80c63b974
51	O13	Kapstok in de gang	hf_20261007_210653_f0ad6e22-8203-4b41-8abf-9781f1f82b5b
52	A13	Duomo in de mist	hf_20261007_205012_8f65fdbc-2063-4b9d-af9a-c8f260768595
53	P19	Langs de Navigli	hf_20261007_211253_2a66786e-fa90-49bd-8526-3b8d2f91406a
54	O14	Treinbank	hf_20261007_210651_4bf5ec8c-0c4b-4462-bd3c-bea25e5d0ed1
55	A14	Koepel van glas	hf_20261007_210851_707ec72f-3f28-4ab1-a401-9743c40cbb6c
56	P20	Balkon in Brera	hf_20261007_210330_b7dd3ec4-04ff-42a6-b7fe-756b773d10c2
57	L09	Op zwart marmer	hf_20261007_210752_5d8cab2f-efe4-4db4-9d82-221e4cd608c0
58	O15	Deur in het ochtendlicht	hf_20261007_210653_d216d1e3-009d-4425-b7ea-c1c5f9b40ef7
59	A15	Oranje tram	hf_20261007_205012_cf2bb20b-c791-4892-8cd0-c8b9fc054daa
60	P21	Vensterbank met regen	hf_20261007_210330_f8f530ed-34a9-49bb-a929-28a705173da8
61	P22	Platanenlaan in de mist	hf_20261007_210332_e6e80f32-5bd5-4fc0-aefa-6a50f833b09a
62	O16	Chaletbank bij het vuur	hf_20261007_210653_3a21994c-11a9-42e9-a9fe-bcce2af1bc85
63	A16	Navigli op het blauwe uur	hf_20261007_205658_091a8d89-6083-415a-aa2d-e3d257b1d653
64	L10	Capuchon met stoom	hf_20261007_211828_09ba1eea-79eb-4993-bdf8-f596c290d1c6
65	P23	Gang met cementtegels	hf_20261007_210330_9975eadf-2644-450b-a8d7-951a072ea4b6
66	O17	Vensterbank met regen	hf_20261007_210653_fcff7749-2abe-4bd3-bd61-a08a060d6cc2
67	A17	Lege leunstoel	hf_20261007_210851_af376525-54e8-4b6c-b6ce-49144451ca5f
68	P24	Brug in de Dolomieten	hf_20261007_210330_5527d4e4-e271-4e7b-b2f3-bb5e26d87020
69	L11	Strepen en label	hf_20261007_210833_c8dc0c30-fb3a-4071-a25e-5f9db2859900
70	P25	Kastanjes aan de kade	hf_20261007_210330_8951447d-666a-4f8a-b0c0-e98b4dfd730b
71	O18	Polo's op de muur in Varenna	hf_20261007_210651_5d6cac2a-6258-4502-b636-49aad414563e
72	A18	Binnenplaats met klimop	hf_20261007_210851_0c9e407e-1af5-49c9-a358-20f462f708d6
73	P26	Atelier met hoge ramen	hf_20261007_210559_69c95816-e66a-4f48-9e63-805d50102de7
74	O19	Polo's op het bootdek	hf_20261007_210654_e7733a79-a0af-4a03-a09e-cc209598bf23
75	A19	Bosco Verticale bij schemer	hf_20261007_210851_4859007d-06c8-492c-849c-78464e06125d
76	P27	Aan het stuur	hf_20261007_210558_f224a2b9-ce7f-422b-9bdc-9c51485b5fa2
77	L12	Kraag open in de hand	hf_20261007_210211_4c308b6b-4b40-428b-a296-9d1ad5245385
78	O20	Kast met vesten	hf_20261007_210653_cd014574-afed-465a-b13f-bbb5350e41d1
79	A20	Regen op de kasseien	hf_20261007_210851_5e004977-c979-4833-9ef9-e3012650a29c
80	P28	Koffie bij het raam	hf_20261007_210558_eb6dce22-26df-45f9-9b23-eb6979135f73
81	P29	Binnenplaats met klimop	hf_20261007_210558_ef5e3e54-e354-4650-bc77-f145c9a47862
82	O21	Stoel op het parket	hf_20261007_211559_45ba4a52-d052-4225-8ca4-9f99e0feaa50
83	A21	Ontbijt voor één	hf_20261007_205658_80a24b41-9428-4dac-adcc-d0e520b55cc5
84	L13	Handen vouwen	hf_20261007_211829_6523b5ab-f2f1-4788-adda-ac9134895352
85	P30	Leesstoel	hf_20261007_210558_0713489e-5ce1-40cb-8d1b-d1e9b7529fc0
86	O22	Rieten stoel op het terras	hf_20261007_211600_e65e3b48-caaa-4262-9aae-6556e73fcdb7
87	A22	Schuim en lepeltje	hf_20261007_210851_ba83431a-e520-4670-8bf4-1400ecb93dd2
88	P31	Café met regen	hf_20261007_211952_5ac7755f-e4ea-415f-8e61-31ef914db6a8
89	L14	Polo aan de haak	hf_20261007_210833_d80bbbed-8484-48d6-96ea-195c783205ea
90	O23	Achterbank bij nacht	hf_20261007_211600_7cacd684-011c-4d74-878b-7438472212c6
91	P32	Mok op de steiger	hf_20261007_210558_e67b6772-e207-404c-9663-1c515afc04a3
92	A23	Botenhuis	hf_20261007_210851_c73cda03-f754-4b4d-baa7-cbc3a9276108
93	P33	Lachen aan de kade	hf_20261007_210558_8ba6b048-cd41-4de0-a19e-80777d78920c
94	O24	Betonnen bank	hf_20261007_210752_ff033c3b-dbc1-4864-b83a-22d25f3d5cd3
95	A24	Cipressenweg	hf_20261007_210851_42c8192c-6d34-4b49-b4b8-e10f1aaa1268
96	P34	Vroeg op de fiets	hf_20261007_210559_eb146b0b-79cc-439a-b63d-96478ee38364
97	L15	Capuchon over de stoel	hf_20261007_211828_6a9d39f5-be6c-419d-9ccd-0ec0d6923a7b
98	O25	Kapstok bij sneeuw	hf_20261007_210752_c9d89734-b705-4ca8-b6f8-7ea3a7f823c6
99	A25	Pasticceria	hf_20261007_210851_e1837bfd-c309-4b44-afb9-d22ae17043ac
100	P35	Zwembad bij de villa	hf_20261007_210558_939ced5b-110a-4817-b61a-3cb4b98d8f78
