1	M07	Onder de koepel van de Galleria	-
2	D05	Label in de kraag	-
3	A01c	Houten boot bij Varenna	-
4	P1	Aan het stuur op het Comomeer	0,150,3072,3990
5	D01	Streep op de mouw	-
6	A04	Torre Velasca op een grijze ochtend	-
7	M01b	Brera op een grijze ochtend	-
8	D07	Loafers aan dek	-
9	A02	Oude Cinquecento in de straat	-
10	M04e	Op de achtersteven in Varenna	-
11	D02	Kraag en knopen	-
12	A05	Fietsen aan de Navigli	-
13	P2	Bij de oude auto	0,180,1536,2100
14	A07	Chroom en achterlicht	-
15	D06	Champagne op linnen	-
16	M11b	Laatste licht op de brug	-
17	A03	Espresso op zink	-
18	M09c	Aan de zinken bar	-
19	M05c	Espresso op het dak	136,0,3576,4300
20	D04b	Suede op de kasseien	-
21	M12	Villaterras met cipressen	-
22	X01	Over de brug aan de Navigli	-
23	M10b	De trappen van Bellagio	-
24	X03	Espresso in een cafe in Brera	0,0,3024,3780
25	M06	Bij het hoge raam	-
